range,area,unit
"原公园路大酒店,原都机厂家属区,红砖街,公园路",都江堰市,都江堰市危旧房改造中心
"林荫街6号,,,",武侯区,成都市武侯区危旧房改造中心
"林荫街6号,,,",武侯区,成都嘉义房屋拆迁有限责任公司
"鼓楼北四街,草市街,德盛路,灶君庙",青羊区,成都市青羊区国投建设发展有限公司
"德盛路26号,德盛大厦,现状围墙,德盛路",青羊区,成都市青羊区统一建设办公室
"东城根下街,长顺下街,东门街,红墙巷",青羊区,成都市青羊区国投建设发展有限公司
"东华门街,人民中路,东二巷,上升街",青羊区,成都凯翔房屋拆迁有限公司
"东华门街,人民中路,东二巷,上升街",青羊区,成都市青羊区国投建设发展有限公司
"顺城大街,交通银行大厦,上升街,西玉龙街",青羊区,成都城建置业有限责任公司
"顺城大街,交通银行大厦,上升街,西玉龙街",青羊区,成都市青羊区国投建设发展有限公司
"西华门街,人民中路一段,东御河沿街,东二巷",青羊区,成都嘉义房屋拆迁有限责任公司
"西华门街,人民中路一段,东御河沿街,东二巷",青羊区,成都市青羊区国投建设发展有限公司
"西华门街,东城根中街,回民小学,建设大夏、天府中心现状建筑",青羊区,成都祥鹤房屋拆迁有限公司
"西华门街,东城根中街,回民小学,建设大夏、天府中心现状建筑",青羊区,成都蓉川恒瑞房屋拆迁有限公司
"西华门街,东城根中街,回民小学,建设大夏、天府中心现状建筑",青羊区,成都市青羊区国投建设发展有限公司
"锣锅巷,冠城凯乐,玉带桥,东打铜",青羊区,成都金利房屋拆迁服务有限公司
"锣锅巷,冠城凯乐,玉带桥,东打铜",青羊区,成都市青羊区国投建设发展有限公司
"西华门街,东城根中街,字库街,羊市街",青羊区,四川唯一鸿睿房屋拆迁有限公司
"西华门街,东城根中街,字库街,羊市街",青羊区,成都市青羊区国投建设发展有限公司
"同心路,饮马河,饮马河街,饮马河",青羊区,成都市青羊区统一建设办公室
"太升北路14号院落围墙,玉泉街20号围墙,玉泉街街沿,太升北路16号围墙",青羊区,成都市青羊区统一建设办公室
"祥和路,,,",金牛区,成都精策投资有限公司
"祥和路,,,",金牛区,成都城建置业有限责任公司
"祥和路,,,",金牛区,成都弘仁建设投资有限公司
"祥和路,,,",金牛区,成都凯翔房屋拆迁有限公司
"祥和路,,,",金牛区,成都祥鹤房屋拆迁有限公司
"祥和路,,,",金牛区,四川蓉业房屋拆迁有限公司
"玉林北巷8号,,,",武侯区,成都恒昌房地产开发有限公司
"玉林北巷8号,,,",武侯区,成都市武侯区危旧房改造中心
"二环路西一段9号,,,",武侯区,成都城建置业有限责任公司
"二环路西一段9号,,,",武侯区,成都市武侯区危旧房改造中心
"永盛南街7号,,,",武侯区,成都城建置业有限责任公司
"永盛南街7号,,,",武侯区,成都市武侯区危旧房改造中心
"顺城大道,东华门街,锦江区,体育场路",青羊区,成都弘仁建设投资有限公司
"顺城大道,东华门街,锦江区,体育场路",青羊区,成都市青羊区国投建设发展有限公司
"三环路南五段111号,,,",武侯区,成都弘仁建设投资有限公司
"三环路南五段111号,,,",武侯区,成都市武侯区危旧房改造中心
"三环路南五段109号（内侧）,,,",武侯区,成都弘仁建设投资有限公司
"三环路南五段109号（内侧）,,,",武侯区,成都市武侯区危旧房改造中心
"三环路南五段外侧太平寺西路1号,,,",武侯区,成都弘仁建设投资有限公司
"三环路南五段外侧太平寺西路1号,,,",武侯区,成都市武侯区危旧房改造中心
"三环路西一段外侧太平园西路42号,,,",武侯区,成都弘仁建设投资有限公司
"三环路西一段外侧太平园西路42号,,,",武侯区,成都市武侯区危旧房改造中心
"三环路西二段外侧（草金东路16号）,,,",武侯区,成都弘仁建设投资有限公司
"三环路西二段外侧（草金东路16号）,,,",武侯区,成都市武侯区危旧房改造中心
"东华门街,人民中路,大剧院,体育中心",青羊区,成都兴力置业有限公司
"东华门街,人民中路,大剧院,体育中心",青羊区,四川景瑞建筑工程有限公司
"东华门街,人民中路,大剧院,体育中心",青羊区,成都市青羊区国投建设发展有限公司
"西马棚街38号,上同仁路,西马棚街,焦家巷",青羊区,成都金开房屋经营管理有限公司
"西马棚街38号,上同仁路,西马棚街,焦家巷",青羊区,成都市青羊区国投建设发展有限公司
"天成商砼,新桥1组,新桥1组村道,三环路",金牛区,成都城建置业有限责任公司
"天成商砼,新桥1组,新桥1组村道,三环路",金牛区,成都市金牛区人民政府沙河源街道办事处
"武侯区佳灵路12号,,,",武侯区,成都市武侯区危旧房改造中心
"群众路2号、民主路10号、民主路12号,,,",武侯区,成都市武侯区危旧房改造中心
"群众路2号、民主路10号、民主路12号,,,",武侯区,成都市武侯区蜀馨房屋拆迁有限公司
"群众路2号、太平衡街97号、新生路10号,,,",武侯区,成都凯翔房屋拆迁有限公司
"群众路2号、太平衡街97号、新生路10号,,,",武侯区,成都市武侯区危旧房改造中心
"民主路18号青年公寓，一环路南一段27号维多利亚女子医院,,,",武侯区,成都弘仁建设投资有限公司
"民主路18号青年公寓，一环路南一段27号维多利亚女子医院,,,",武侯区,成都市武侯区危旧房改造中心
"一环路南一段7号及附号，群众路6号、群众路5号、法云庵8号、法云庵9号,,,",武侯区,成都市润诚房屋拆迁有限公司
"一环路南一段7号及附号，群众路6号、群众路5号、法云庵8号、法云庵9号,,,",武侯区,成都市武侯区危旧房改造中心
"人民中路一段,西华门街,人民西路,西华门街24号",青羊区,成都精策投资有限公司
"人民中路一段,西华门街,人民西路,西华门街24号",青羊区,成都市青羊区国投建设发展有限公司
"人民中路一段,成都市房管局现状建筑,成都市实验小学,成都市房管局现状建筑",青羊区,成都城建置业有限责任公司
"人民中路一段,成都市房管局现状建筑,成都市实验小学,成都市房管局现状建筑",青羊区,成都市青羊区国投建设发展有限公司
"复兴街,文化街,青果街,玉龙街",金堂县,四川成阿金淮资产管理有限公司
"复兴街,文化街,青果街,玉龙街",金堂县,四川花园水城城乡产业发展投资开发有限责任公司
"桔园路,复兴街,东风小区,爱国巷东北侧",金堂县,四川成阿金淮资产管理有限公司
"桔园路,复兴街,东风小区,爱国巷东北侧",金堂县,四川花园水城城乡产业发展投资开发有限责任公司
"小河街,东城根街,西御街,人民西路",青羊区,四川蓉业房屋拆迁有限公司
"小河街,东城根街,西御街,人民西路",青羊区,成都市青羊区国投建设发展有限公司
"蓉都大道,规划绿地,金科中心楼盘,北三环4段道路",成华区,成都成华棚户区惠民改造建设有限责任公司
"五津东路,五津西路,五津南路,五津北路",新津县,成都城建置业有限责任公司
"西街片区包括城厢镇槐树街社区（坚强巷，桑园巷，上寿巷，糠市巷，西街，西城边街，槐树街，江西巷，铁四处，庆泽路）及马鞍社区（西城边街）,,,",青白江区,四川天丰置业有限公司
"二环路东一段规划红线范围内,电焊机厂宿舍用地边界,建设北路二段,成都电焊机研究所用地边界",成华区,成都恒昌房地产开发有限公司
"二环路东一段规划红线范围内,电焊机厂宿舍用地边界,建设北路二段,成都电焊机研究所用地边界",成华区,成都成华旧城改造投资有限责任公司
"国道108线,东南小区,安居路,武装部",邛崃市,邛崃市住房保障中心
"洗面桥东一街4号、6号,,,",武侯区,四川宗明拆迁建设有限公司
"洗面桥东一街4号、6号,,,",武侯区,成都市武侯区危旧房改造中心
"东起晋康中路（规划）、南至永康东路、西至崇庆中学、北至幸福路,,,",崇州市,崇州市蜀城房屋拆迁有限公司
"一环路北三段92号1栋、3栋及一环路北三段92号附1、附2、附3号,省教委技术物质装备处,成都市第八中,一 环路北三段",武侯区,四川梓鑫置业有限公司
"成都市武侯区一环路南一段民主路19号民航宿舍,,,",武侯区,成都弘仁建设投资有限公司
"成都市武侯区一环路南一段民主路19号民航宿舍,,,",武侯区,成都市武侯区危旧房改造中心
"川锅社区南三区温馨苑7栋-10栋、13栋、14栋，25栋-29栋；南二区1栋-4栋（具体范围见红线图）。,,,",金堂县,四川成阿金淮资产管理有限公司
"川锅社区南三区温馨苑7栋-10栋、13栋、14栋，25栋-29栋；南二区1栋-4栋（具体范围见红线图）。,,,",金堂县,四川花园水城城乡产业发展投资开发有限责任公司
"川锅社区北一区12栋、15栋；川锅社区北二区祥和苑41栋、42栋、44-54栋；川锅社区北四区23栋、33栋（具体范围见红线图）,,,",金堂县,四川成阿金淮资产管理有限公司
"川锅社区北一区12栋、15栋；川锅社区北二区祥和苑41栋、42栋、44-54栋；川锅社区北四区23栋、33栋（具体范围见红线图）,,,",金堂县,四川花园水城城乡产业发展投资开发有限责任公司
"川锅社区南二区5栋、6栋附101-107号、11栋、30栋；南一区阳光苑21栋、22栋；安康苑17栋-20栋；北三区幸福苑31栋、32栋、34栋、36栋、38栋、40栋（具体范围见红线图）。,,,",金堂县,四川成阿金淮资产管理有限公司
"川锅社区南二区5栋、6栋附101-107号、11栋、30栋；南一区阳光苑21栋、22栋；安康苑17栋-20栋；北三区幸福苑31栋、32栋、34栋、36栋、38栋、40栋（具体范围见红线图）。,,,",金堂县,四川花园水城城乡产业发展投资开发有限责任公司
"城北橡树林,解颐路,解放西路,泰基北锦小区",武侯区,成都市兴业集建投资有限公司
"四川省电力医院门诊部,点将台街,四川省电力建设管理公司,欧莱雅宾馆",锦江区,四川天丰置业有限公司
"四川省电力医院门诊部,点将台街,四川省电力建设管理公司,欧莱雅宾馆",锦江区,成都市锦江区房屋管理服务中心
"东至天乙街,都管局一生活区,公园路,新堰坎",都江堰市,都江堰市危旧房改造中心
"东至天乙商座,西至供电局家属区,南至公园路,北至新堰坎",都江堰市,都江堰市危旧房改造中心
"通发大夏,梧桐街,天福家园,蒲阳路",都江堰市,都江堰市危旧房改造中心
"东至古堰雅居,西至观景路,南至蒲阳河,北至谭家堰电站家属区。",都江堰市,都江堰市危旧房改造中心
"瑞联路,苏坡东路,武青桥,IT大道",青羊区,成都市建西投资管理有限公司
"位于成都市成华区龙潭街道办事处辖区范围内，成华大道十里店路234号规划红线范围内,,,",成华区,成都成华旧城改造投资有限责任公司
"玉垒北街,青纸路,玉垒路,玉兰路",都江堰市,都江堰城乡房产管理局
"沙沟河,黑石河,红原奶粉厂,漏沙堰",成华区,都江堰城乡房产管理局
"康复路,康复路都管局苗圃,康复路下街,康复路",都江堰市,都江堰城乡房产管理局
"东至李汉卿,西至灌温路,南至内二环,北至李汉卿",都江堰市,都江堰城乡房产管理局
"松潘卫生干休所,沙沟河,玉堂派出所,玉府街37栋",都江堰市,都江堰市危旧房改造中心
"玉府街,沙沟河,陈全钰、伍群珍独栋,玉堂派出所",都江堰市,都江堰城乡房产管理局
"东至奎光塔3组,西至外江,南至青城桥,北至省建六公司",都江堰市,都江堰城乡房产管理局
"东至灌温路,西至木门厂,南至益华企业有限公司,北至明玉汽修",都江堰市,都江堰城乡房产管理局
"东至李汉卿,西至灌温路,南至古堰红酒业公司,北至乌石化疗养院",都江堰市,都江堰城乡房产管理局
"东至康复路下街,西至外江金马河,南至奎光西上街,北至都管局苗圃",都江堰市,都江堰城乡房产管理局
"东至玉府路，南至玉堂镇水果市场，西至沙沟河，北至玉堂电站闸守,,,",都江堰市,都江堰城乡房产管理局
"昭忠祠42号院,天涯石小学昭忠祠分校,昭忠祠50、52号院,成都市排水设备管理处",锦江区,成都市锦江区房屋管理服务中心
"昭忠祠42号院,天涯石小学昭忠祠分校,昭忠祠50、52号院,成都市排水设备管理处",锦江区,四川天佑福成房屋拆迁有限公司
"位于永安东路、早觉中街和辰居路之间,,,",崇州市,崇州市蜀城房屋拆迁有限公司
"崇庆中路,正东街幼儿园,银杏苑,永康小区",崇州市,崇州市豪威房屋拆迁有限公司
"崇庆中路,正东街幼儿园,银杏苑,永康小区",崇州市,崇州市蜀城房屋拆迁有限公司
"崇庆中路,正东街幼儿园,银杏苑,永康小区",崇州市,四川敞居屋房屋拆迁有限公司
"崇庆中路,正东街幼儿园,银杏苑,永康小区",崇州市,成都市鑫城锦地房屋拆迁有限公司
"东临东顺城南街，南、西临太古里项目，北临已拆空地,太古里,太古里,已拆空地",锦江区,成都阳广达置业有限公司
"东临东顺城南街，南、西临太古里项目，北临已拆空地,太古里,太古里,已拆空地",锦江区,成都市锦江区危旧房改造中心
"地质苑三期,成商集团职工宿舍,上行东方,八里庄路",成华区,成都成华棚户区惠民改造建设有限责任公司
"东临静明路与国槐街交接处,西临2.5环高铁,南临大观苑二期,北临驿都大道",锦江区,成都易欣房屋拆迁有限公司
"东临静明路与国槐街交接处,西临2.5环高铁,南临大观苑二期,北临驿都大道",锦江区,成都市锦江区房屋管理服务中心
"东至走马河，南至美丽洲，西至美丽洲，北至水轮机厂,,,",都江堰市,都江堰市危旧房改造中心
"东至兴堰公司代管土地，南至民兴公司，西至走马河，北至观凤桥,,,",都江堰市,都江堰市危旧房改造中心
"邓氏骨科周边区域（含邓氏骨科、政府大院、新华书店）及华新上街以东区域（含正西街口101号周边，华新上街34号、76号商住楼）,,,",天府新区,成都天府新区华阳街道办事处
"邓氏骨科周边区域（含邓氏骨科、政府大院、新华书店）及华新上街以东区域（含正西街口101号周边，华新上街34号、76号商住楼）,,,",天府新区,成都市统建土地整理房屋开发有限责任公司
"北街,铁路,新民街,建设路",简阳市,成都嘉义房屋拆迁有限责任公司
"北门桥,铁路,建设路,绛溪河",简阳市,成都嘉义房屋拆迁有限责任公司
"铁路,建工巷,建设路,绛溪河",简阳市,成都嘉义房屋拆迁有限责任公司
"建工巷,蓝水湾,建设路,绛溪河",简阳市,成都嘉义房屋拆迁有限责任公司
"北门桥,城北市场,建设路,绛溪河",简阳市,成都嘉义房屋拆迁有限责任公司
"府河,九里堤中路,52号院、河滨苑,欧波罗",成华区,四川元昌投资管理有限公司
"府河,九里堤中路,52号院、河滨苑,欧波罗",成华区,成都市金牛区人民政府九里堤街道办事处
"二环路东二段,沙河绿带,建设南三路,四川省第六建筑工程有限公司宿舍区",高新区,成都市跃华房屋经营开发有限公司
"龙潭寺东路251号,,,",成华区,成都市兴市政房屋拆迁有限公司
"龙潭寺东路251号,,,",成华区,成都市鑫城锦地房屋拆迁有限公司
"龙潭寺东路251号,,,",成华区,成都成华旧城改造投资有限责任公司
"延秀街,延秀街西侧,四通东街,延秀街与龙兴街交叉口北侧",彭州市,彭州市统一拆迁有限责任公司
"东至惠民工程肉联厂片区，西至圣历恩服饰、南至瑞通巷，北至井下作业公司。,,,",成华区,四川诺亚舟房屋拆迁有限公司
"东至惠民工程肉联厂片区，西至圣历恩服饰、南至瑞通巷，北至井下作业公司。,,,",成华区,成都成华棚户区惠民改造建设有限责任公司
"东临暑袜北一街，西临青羊区忠烈祠街51号，南临暑袜北街129号，北临烈祠街1号。,,,",锦江,成都市锦江区锦顺置业中心
"东临暑袜北一街，西临青羊区忠烈祠街51号，南临暑袜北街129号，北临烈祠街1号。,,,",锦江,成都恒昌房地产开发有限公司
"东临暑袜北一街，西临青羊区忠烈祠街51号，南临暑袜北街129号，北临烈祠街1号。,,,",锦江区,成都市锦江区锦顺置业中心
"东临暑袜北一街，西临青羊区忠烈祠街51号，南临暑袜北街129号，北临烈祠街1号。,,,",锦江区,成都恒昌房地产开发有限公司
"青城路（一环路主干道）,安轻路,江安河,原轻工校老校区",都江堰市,都江堰市危旧房改造中心
"E―38―1灾后重建地块,青城路,卧龙家属区及翔凤路,迎宾路",成华区,都江堰市危旧房改造中心
"祥和路片区,,,",金牛区,成都市金牛区棚户区危旧房改造中心
"新鸿南支路,规划道路,新鸿路,红光路规划红线范围内",金牛区,成都经开实业有限公司
"新鸿南支路,规划道路,新鸿路,红光路规划红线范围内",金牛区,成都瑞来房屋拆迁服务有限公司
"新鸿南支路,规划道路,新鸿路,红光路规划红线范围内",金牛区,成都市跃华房屋经营开发有限公司
"祥宇宾馆,新南路,成空一招,新南路87号",武侯区,成都市润诚房屋拆迁有限公司
"祥宇宾馆,新南路,成空一招,新南路87号",武侯区,成都市武侯区危旧房改造中心
"交大路,银桂桥西街,银桂桥一巷,交大工业中心",武侯区,成都市建西投资管理有限公司
"佳灵路,已拆迁空地,武阳大道,无名道路",武侯区,四川省和庆投资有限公司
"蒲阳河,兴盛街,万基酒店,观景路",都江堰市,都江堰市危旧房改造中心
"怡情苑,建设路,都江堰大道,中医院",都江堰市,都江堰市危旧房改造中心
"玉带桥新街,永康巷,都江堰大道,永康巷",都江堰市,都江堰市危旧房改造中心
"原紫东街小学,幸福商业城,广场欣城,怡晴苑",都江堰市,都江堰市危旧房改造中心
"邛崃市安乐堰片区用地红线范围内,,,",邛崃市,邛崃市住房保障中心
"郫县西临郫筒镇南大街、新南街以东、金家巷以北、一环路西南段以南,,,",都江堰市,成都永安拆迁服务有限公司
"晴和苑,东方苑,时运物流公司,建设北路三段",成华区,成都城建置业有限责任公司
"晴和苑,东方苑,时运物流公司,建设北路三段",成华区,成都成华棚户区惠民改造建设有限责任公司
"九里堤南路,市政道路,一环路北一段,九里堤路",武侯区,四川蓉业房屋拆迁有限公司
"祥和路片区,,,",金牛区,成都市金牛区棚户区危旧房改造中心
"东至昭觉寺南路，西至荆翠南一街，南至昭觉寺南路，北至荆翠西路,西至荆翠南一街,南至昭觉寺南路,北至荆翠西路",成华区,四川梓鑫置业有限公司
"东至昭觉寺南路，西至荆翠南一街，南至昭觉寺南路，北至荆翠西路,西至荆翠南一街,南至昭觉寺南路,北至荆翠西路",成华区,成都成华棚户区惠民改造建设有限责任公司
"平儒路,银仙桥,黄鹤大道周边,纯阳观",新津县,成都长衡置业有限公司
"观景路,茶厂巷,玉带桥街,左支渠",都江堰市,都江堰市危旧房改造中心
"瑞康花园,电信大楼,柏条河,左支渠",都江堰市,都江堰市危旧房改造中心
"观景路,茶厂巷,左之渠排洪沟,茶厂家属区",都江堰市,都江堰市危旧房改造中心
"柏条河两路,幸福大道太柏桥,幸福公寓,柏条河",都江堰市,都江堰市危旧房改造中心
"茶厂路,华夏广场,光能苑，,国有土地原地毯厂",都江堰市,都江堰市危旧房改造中心
"解放5组,金家磨巷,茶厂巷，,蒲阳河南路政府资源空地",都江堰市,都江堰市危旧房改造中心
"冬至观景路，南至柏条河，西至瑞康花园，北至和睦花园。,,,",都江堰市,都江堰市危旧房改造中心
"东至粮食仓库，西至规划道路，南至规划道路，北至粮食仓库,,,",成华区,成都卓众拆迁服务有限公司
"东至粮食仓库，西至规划道路，南至规划道路，北至粮食仓库,,,",成华区,成都成华棚户区惠民改造建设有限责任公司
"新罗路15号附1号,港泰通航大厦,十二桥街,新罗路48号-49号",金牛区,成都力汇诚投资有限公司
"东临水碾河南街、南临创意仓库、西临水碾河南三街、北临水碾河路,,,",锦江区,成都市锦江区房屋管理服务中心
"东临水碾河南街、南临创意仓库、西临水碾河南三街、北临水碾河路,,,",锦江区,四川天佑福成房屋拆迁有限公司
"新桥1组,临水雅苑,新桥1组村道,三环路",金牛区,成都城建置业有限责任公司
"新桥1组,临水雅苑,新桥1组村道,三环路",金牛区,成都市金牛区人民政府沙河源街道办事处
"东至建华南路，南至温泉大道，西至斜江河，北至建华西路,,,",崇州市,大邑县房产管理局
"东至建华南路，南至温泉大道，西至斜江河，北至建华西路,,,",崇州市,成都城建置业有限责任公司
"人民南路,成达小区,玉洁东街,何氏骨科",武侯区,成都市润诚房屋拆迁有限公司
"郫筒街道南大街,郫筒街道新南街,郫筒街道金家巷,郫筒街道一环路西南段",武侯区,成都永安拆迁服务有限公司
"规划道路,二仙桥西北二路,二仙桥西北路,成铁局动车基地",成华区,成都祥鹤房屋拆迁有限公司
"规划道路,二仙桥西北二路,二仙桥西北路,成铁局动车基地",成华区,成都众志房屋拆迁有限公司
"规划道路,二仙桥西北二路,二仙桥西北路,成铁局动车基地",成华区,成都金利房屋拆迁服务有限公司
"规划道路,二仙桥西北二路,二仙桥西北路,成铁局动车基地",成华区,成都成华旧城改造投资有限责任公司
"北至成铁局动车基地，南至八里庄路，西至府青路，东至成铁局用地边界规划红线范围内。,,,",成华区,成都鑫宇房屋拆迁有限公司
"北至成铁局动车基地，南至八里庄路，西至府青路，东至成铁局用地边界规划红线范围内。,,,",成华区,成都成华旧城改造投资有限责任公司
"红星路四段,四川省政府办公区,四川省政府办公区,东大街城守东大街段",锦江区,成都阳广达置业有限公司
"红星路四段,四川省政府办公区,四川省政府办公区,东大街城守东大街段",锦江区,成都市锦江区房屋管理服务中心
"一环路东二段,猛追湾95号院,新鸿苑,猛追湾东街宿舍",成华区,四川天丰置业有限公司
"一环路东二段,猛追湾95号院,新鸿苑,猛追湾东街宿舍",成华区,成都邦泰房屋拆迁有限公司
"一环路东二段,猛追湾95号院,新鸿苑,猛追湾东街宿舍",成华区,成都成华棚户区惠民改造建设有限责任公司
"菽香里一巷,菽香里二巷,成都市医药总公司用地边界,菽香里",成华区,成都兴力置业有限公司
"菽香里一巷,菽香里二巷,成都市医药总公司用地边界,菽香里",成华区,成都恒昌房地产开发有限公司
"菽香里一巷,菽香里二巷,成都市医药总公司用地边界,菽香里",成华区,成都市跃华房屋经营开发有限公司
"席草田巷,西临一心桥横街、水碾河南路,南临一心桥街,北临成都市现代职业技术学校、怡心苑小区",锦江区,成都市锦江区危旧房改造中心
"中国移动通讯大楼,高速交通执法大队,万年路社区,万年路",成华区,成都南森房屋拆迁有限公司
"中国移动通讯大楼,高速交通执法大队,万年路社区,万年路",成华区,四川为民房屋拆迁有限公司
"中国移动通讯大楼,高速交通执法大队,万年路社区,万年路",成华区,成都市鑫城锦地房屋拆迁有限公司
"中国移动通讯大楼,高速交通执法大队,万年路社区,万年路",成华区,成都成华棚户区惠民改造建设有限责任公司
"二环路东一段规划红线范围内,成都成都虹开实业发展有限公司宿舍用地边界,圣灯供销合作社用地边界,踏水巷",成华区,成都恒昌房地产开发有限公司
"二环路东一段规划红线范围内,成都成都虹开实业发展有限公司宿舍用地边界,圣灯供销合作社用地边界,踏水巷",成华区,成都成华旧城改造投资有限责任公司
"龙泉驿区龙泉街道保安寺路以西，商业前街以北,,,",龙泉驿区,成都经开实业有限公司
"龙泉驿区龙泉街道保安寺路以西，商业前街以北,,,",龙泉驿区,成都经济技术开发区建设发展有限公司
"东临文德路，西至桃源街，南临南天苑，北至桃溪路,,,",成华区,成都市唯益投资有限公司
"东临文德路，西至桃源街，南临南天苑，北至桃溪路,,,",成华区,成都弘仁建设投资有限公司
"东临文德路，西至桃源街，南临南天苑，北至桃溪路,,,",成华区,成都易欣房屋拆迁有限公司
"东临文德路，西至桃源街，南临南天苑，北至桃溪路,,,",成华区,四川鑫泉房屋拆迁有限公司
"东临文德路，西至桃源街，南临南天苑，北至桃溪路,,,",成华区,四川天佑福成房屋拆迁有限公司
"东临文德路，西至桃源街，南临南天苑，北至桃溪路,,,",成华区,成都成华棚户区惠民改造建设有限责任公司
"成华区杉板桥路70 号规划红线范围内,成华区杉板桥路70 号规划红线范围内,成华区杉板桥路70 号规划红线范围内,成华区杉板桥路70 号规划红线范围内",成华区,成都市跃华房屋经营开发有限公司
"成华区杉板桥路70 号规划红线范围内,成华区杉板桥路70 号规划红线范围内,成华区杉板桥路70 号规划红线范围内,成华区杉板桥路70 号规划红线范围内",成华区,成都市鑫城锦地房屋拆迁有限公司
"枫桥晓月小区,王家巷,泰丰御园小区,花牌坊大街",成华区,成都金开房屋经营管理有限公司
"枫桥晓月小区,王家巷,泰丰御园小区,花牌坊大街",成华区,成都市鑫地建设投资有限责任公司
"二仙桥东路44号,,,",成华区,成都众志房屋拆迁有限公司
"二仙桥东路44号,,,",成华区,成都成华旧城改造投资有限责任公司
"红塔房,书院街,北街,都中家属区",都江堰市,都江堰市危旧房改造中心
"瑞莲街37号-63号、水巷子1号-13号,,,",都江堰市,都江堰市危旧房改造中心
"仰天窝廊桥,南街,夜啤酒长廊,龙池商住城",都江堰市,都江堰市危旧房改造中心
"红塔房,书院街,教育局家属区,明和青年旅舍",都江堰市,都江堰市危旧房改造中心
"建设路,红塔房,北街,四川农业大学",都江堰市,都江堰市危旧房改造中心
"井福街,文庙街,市委家属区,书院街",都江堰市,都江堰市危旧房改造中心
"井福街,文庙街,幸福路,新华书店家属区",都江堰市,都江堰市危旧房改造中心
"胡家巷,太平洋电影院,蒲阳路,水务局家属区",都江堰市,都江堰市危旧房改造中心
"市委家属区,文庙街,文庙街5号院,茶厂家属区",都江堰市,都江堰市危旧房改造中心
"古城区停车场,井福街,海江置业幸福路商场,古城区停车场",都江堰市,都江堰市危旧房改造中心
"北至玉垒山，南至文庙街，西至老政协地块，东至文庙公园,,,",都江堰市,都江堰市危旧房改造中心
"东至天邑食品厂，南至迎春道，西至富民路北段，北至子龙街小学,,,",都江堰市,大邑县房产管理局
"东至天邑食品厂，南至迎春道，西至富民路北段，北至子龙街小学,,,",都江堰市,成都城建置业有限责任公司
"蒲阳河,兴盛街,米市坝,观景路",都江堰市,都江堰市危旧房改造中心
"审计局家属区,兴盛街128号居民点,柏条河,兴盛街",都江堰市,都江堰市危旧房改造中心
"北坛街,棉花街,南宝山监狱宿舍北侧围墙,摩尔国际楼盘南侧围墙",邛崃市,邛崃市住房保障中心
"邛崃市南环路道路拓宽改造工程用地红线范围内,,,",邛崃市,邛崃市住房保障中心
"郫都区犀浦镇浦发街两侧（详见征收范围图）,郫都区犀浦镇浦发街两侧（详见征收范围图）,郫都区犀浦镇浦发街两侧（详见征收范围图）,郫都区犀浦镇浦发街两侧（详见征收范围图）",郫都区,成都永安拆迁服务有限公司
"成华区杉板桥路188号规划红线范围内,成华区杉板桥路188号规划红线范围内,成华区杉板桥路188号规划红线范围内,成华区杉板桥路188号规划红线范围内",成华区,成都恒昌房地产开发有限公司
"成华区杉板桥路188号规划红线范围内,成华区杉板桥路188号规划红线范围内,成华区杉板桥路188号规划红线范围内,成华区杉板桥路188号规划红线范围内",成华区,成都市跃华房屋经营开发有限公司
"走马河街,江东街,军民街,龙角车街",成华区,都江堰市危旧房改造中心
"外南街,南河西路断头路,6支渠渠边,农民划地自建小区巷道",彭州市,彭州市统一拆迁有限责任公司
"晚霞养老中心,五福桥东路8号小区围墙,五福桥东路8号5栋、8栋,凤仪东路",金牛区,成都市金牛区人民政府五块石街道办事处
"新津县城西巷,新津县金三角广场,新津县武阳西路,新津县五津西路",新津县,四川杰辉建设有限公司
"营房巷片区包括城厢镇朝阳路社区（家珍巷，九思巷，平仓巷，营房巷，营房新村，城埝街，江西巷，小南街，大南街）,,,",青白江区,四川天丰置业有限公司
"人民北路二段,北站西一路,北站西二巷,北站西一巷",青白江区,成都市建西投资管理有限公司
"人民北路二段,北站西一路,北站西二巷,北站西一巷",青白江区,成都市金牛区人民政府荷花池街道办事处
"四川省送变电建设有限责任公司宿舍用地边界规划红线范围内,成都铁塔厂宿舍用地边界,四川省送变电建设有限责任公司宿舍用地边界,新成华大道",成华区,成都恒昌房地产开发有限公司
"四川省送变电建设有限责任公司宿舍用地边界规划红线范围内,成都铁塔厂宿舍用地边界,四川省送变电建设有限责任公司宿舍用地边界,新成华大道",成华区,成都成华旧城改造投资有限责任公司
"东临东安南路，南临大慈寺路， 西临汉庭连锁酒店，北临东顺苑,,,",锦江区,成都市锦江区房屋管理服务中心
"东临东安南路，南临大慈寺路， 西临汉庭连锁酒店，北临东顺苑,,,",锦江区,成都市锦江区房屋管理服务中心
"东临东安南路，南临大慈寺路， 西临汉庭连锁酒店，北临东顺苑,,,",锦江区,成都市兴市政房屋拆迁有限公司
"成勘院家属区,美丽新城,红砖街,原建三司",都江堰市,都江堰市危旧房改造中心
"二仙桥西北路,成都铁路局自主改造项目,八里庄路,二仙桥西北二路",成华区,成都市兴市政房屋拆迁有限公司
"二仙桥西北路,成都铁路局自主改造项目,八里庄路,二仙桥西北二路",成华区,成都成华旧城改造投资有限责任公司
"北至二仙桥西北二路，南至八里庄路，西至成都铁路局自主改造项目，东至二仙桥西北路规划红线范围内,,,",成华区,成都祥鹤房屋拆迁有限公司
"北至二仙桥西北二路，南至八里庄路，西至成都铁路局自主改造项目，东至二仙桥西北路规划红线范围内,,,",成华区,成都成华旧城改造投资有限责任公司
"崔家店路749、781号,,,",成华区,成都众志房屋拆迁有限公司
"崔家店路749、781号,,,",成华区,成都成华旧城改造投资有限责任公司
"东至三洞桥巷，南至康复路，西至水校，北至农商银行家属区,,,",都江堰市,都江堰市危旧房改造中心
"东至天乙街，南至华峰大厦，西至三洞桥巷，北至政府家属区,,,",都江堰市,都江堰市危旧房改造中心
"天马房产商品房,西至如家酒店,三洞桥巷居民房,原离堆小区农贸市场",都江堰市,都江堰市危旧房改造中心
"西片区北至站西路，南至二环路，西至商贸大道，东至站北西一路。东片区北至铁路局站房及铁路线，南至二环路，西至站东南一路，东至北站东二路。（项目规划范围内）,,,",金牛区,成都阳广达置业有限公司
"西片区北至站西路，南至二环路，西至商贸大道，东至站北西一路。东片区北至铁路局站房及铁路线，南至二环路，西至站东南一路，东至北站东二路。（项目规划范围内）,,,",金牛区,成都南森房屋拆迁有限公司
"西片区北至站西路，南至二环路，西至商贸大道，东至站北西一路。东片区北至铁路局站房及铁路线，南至二环路，西至站东南一路，东至北站东二路。（项目规划范围内）,,,",金牛区,四川景瑞建筑工程有限公司
"西片区北至站西路，南至二环路，西至商贸大道，东至站北西一路。东片区北至铁路局站房及铁路线，南至二环路，西至站东南一路，东至北站东二路。（项目规划范围内）,,,",金牛区,成都市建西投资管理有限公司
"西片区北至站西路，南至二环路，西至商贸大道，东至站北西一路。东片区北至铁路局站房及铁路线，南至二环路，西至站东南一路，东至北站东二路。（项目规划范围内）,,,",金牛区,成都市金牛区人民政府荷花池街道办事处
"龙泉驿区东山国际新城以东，与华信大道一路之隔,,,",龙泉驿区,成都经开实业有限公司
"龙泉驿区东山国际新城以东，与华信大道一路之隔,,,",龙泉驿区,成都经济技术开发区建设发展有限公司
"龙泉驿区龙泉街道新驿南街，改造建筑编号为新驿南街24～28号(双数号)、40号、42号和46～66号(双数号),,,",龙泉驿区,成都凯翔房屋拆迁有限公司
"龙泉驿区龙泉街道新驿南街，改造建筑编号为新驿南街24～28号(双数号)、40号、42号和46～66号(双数号),,,",龙泉驿区,成都经济技术开发区建设发展有限公司
"年丰巷53号院,青龙横街,成都市锦江工商局水井坊工商所,四川电力工业勘察设计院职工宿舍",锦江区,四川宗明拆迁建设有限公司
"年丰巷53号院,青龙横街,成都市锦江工商局水井坊工商所,四川电力工业勘察设计院职工宿舍",锦江区,成都市锦江区房屋管理服务中心
"年丰巷53号院,西临青龙横街,南临成都市锦江工商局水井坊工商所,北临四川电力工业勘察设计院职工宿舍",锦江区,四川宗明拆迁建设有限公司
"年丰巷53号院,西临青龙横街,南临成都市锦江工商局水井坊工商所,北临四川电力工业勘察设计院职工宿舍",锦江区,成都市锦江区房屋管理服务中心
"位于二仙桥北路东侧，起于二仙桥北路口，止于南车成都机车车辆厂有限公司规划红线范围内,,,",成华区,成都市兴市政房屋拆迁有限公司
"位于二仙桥北路东侧，起于二仙桥北路口，止于南车成都机车车辆厂有限公司规划红线范围内,,,",成华区,成都成华旧城改造投资有限责任公司
"成都市成华区槐树店路38号，属于万年场街道办事处辖区规划红线范围内,,,",成华区,成都兴力置业有限公司
"成都市成华区槐树店路38号，属于万年场街道办事处辖区规划红线范围内,,,",成华区,成都嘉义房屋拆迁有限责任公司
"成都市成华区槐树店路38号，属于万年场街道办事处辖区规划红线范围内,,,",成华区,成都成华旧城改造投资有限责任公司
"大桐街,和盛小学,农商银行,邮政储蓄",温江区,成都海科投资有限责任公司
"长安盛景,建设路,滨江路南段,粮油食品厂",温江区,成都海科投资有限责任公司
"兴盛街,大桐街,和盛镇中心小学,中心广场",温江区,成都海科投资有限责任公司
"和正街,柳岸18组,柳岸8组,柳江粮站上仓库",温江区,成都海科投资有限责任公司
"东至前进路,西至兴盛街,南至安阜上街,北至前进苑",温江区,成都海科投资有限责任公司
"东起杨柳河、西至广水社区18组、北至和盛仓库、南至柳岸社区8组,,,",温江区,成都海科投资有限责任公司
"西安北路三巷,西安北路三巷5号,青羊东二路2号附1―9号,西安北路三巷6号",金牛区,成都嘉义房屋拆迁有限责任公司
"新津县龙王渡红石社区至文武社区,,,",新津县,成都城建置业有限责任公司
"新津县瑞通路片区,,,",新津县,成都城建置业有限责任公司
"一环路东二段,新鸿路119号院,新鸿苑,四川电子科贸大楼",成华区,四川天丰置业有限公司
"一环路东二段,新鸿路119号院,新鸿苑,四川电子科贸大楼",成华区,成都邦泰房屋拆迁有限公司
"一环路东二段,新鸿路119号院,新鸿苑,四川电子科贸大楼",成华区,成都成华棚户区惠民改造建设有限责任公司
"平乐镇台子坝片区用地红线范围内,,,",邛崃市,邛崃市住房保障中心
"102仓库,府青路三段,圣灯平安村集体土地,八里庄路",成华区,成都成华棚户区惠民改造建设有限责任公司
"东至鲁能地块，西至多宝寺南路，南至国土分局安置房，北至工投集团已整理土地,,,",成华区,成都弘仁建设投资有限公司
"东至鲁能地块，西至多宝寺南路，南至国土分局安置房，北至工投集团已整理土地,,,",成华区,成都成华棚户区惠民改造建设有限责任公司
"齐心苑,猛追湾街,双林路,新鸿路",成华区,成都成华棚户区惠民改造建设有限责任公司
"成都市成华区双林北横路129号,成都市成华区双林北横路129号,成都市成华区双林北横路129号,成都市成华区双林北横路129号",成华区,成都金利房屋拆迁服务有限公司
"成都市成华区双林北横路129号,成都市成华区双林北横路129号,成都市成华区双林北横路129号,成都市成华区双林北横路129号",成华区,成都市跃华房屋经营开发有限公司
"成都市成华区万年场横街7号规划红线范围内,,,",成华区,成都金利房屋拆迁服务有限公司
"成都市成华区万年场横街7号规划红线范围内,,,",成华区,成都成华旧城改造投资有限责任公司
"成都市成华区杉板桥路70号规划红线范围内,成都市成华区杉板桥路70号规划红线范围内,成都市成华区杉板桥路70号规划红线范围内,成都市成华区杉板桥路70号规划红线范围内",成华区,成都市鑫城锦地房屋拆迁有限公司
"成都市成华区杉板桥路70号规划红线范围内,成都市成华区杉板桥路70号规划红线范围内,成都市成华区杉板桥路70号规划红线范围内,成都市成华区杉板桥路70号规划红线范围内",成华区,成都成华旧城改造投资有限责任公司
"成都市成华区杉板桥路188号规划红线范围内,成都市成华区杉板桥路188号规划红线范围内,成都市成华区杉板桥路188号规划红线范围内,成都市成华区杉板桥路188号规划红线范围内",成华区,成都恒昌房地产开发有限公司
"成都市成华区杉板桥路188号规划红线范围内,成都市成华区杉板桥路188号规划红线范围内,成都市成华区杉板桥路188号规划红线范围内,成都市成华区杉板桥路188号规划红线范围内",成华区,成都成华旧城改造投资有限责任公司
"东至东林金属加工厂     西至西林村集体土地       南至青龙场高架桥       北至西林村集体土地,,,",成华区,四川天佑福成房屋拆迁有限公司
"东至东林金属加工厂     西至西林村集体土地       南至青龙场高架桥       北至西林村集体土地,,,",成华区,成都成华棚户区惠民改造建设有限责任公司
"北至新成华大道，南至崔家店北二路，西至四川电力建设二公司，东至成都市土地储备中心用地边界。,,,",成华区,成都鑫宇房屋拆迁有限公司
"北至新成华大道，南至崔家店北二路，西至四川电力建设二公司，东至成都市土地储备中心用地边界。,,,",成华区,成都恒昌房地产开发有限公司
"北至新成华大道，南至崔家店北二路，西至四川电力建设二公司，东至成都市土地储备中心用地边界。,,,",成华区,成都成华旧城改造投资有限责任公司
"粮食市场,煤建公司,粮食市场,汽运司",成华区,成都恒昌房地产开发有限公司
"粮食市场,煤建公司,粮食市场,汽运司",成华区,成都为益民房屋拆迁有限公司
"粮食市场,煤建公司,粮食市场,汽运司",成华区,成都成华棚户区惠民改造建设有限责任公司
"东至规划道路，西临二环路北四段，南至二环路北四段，北临通瑞地块,,,",成华区,成都弘仁建设投资有限公司
"东至规划道路，西临二环路北四段，南至二环路北四段，北临通瑞地块,,,",成华区,成都成华棚户区惠民改造建设有限责任公司
"二环路东二段,沙河绿带,建设南三路,万科金域蓝湾小区规划红线范围内",成华区,成都众志房屋拆迁有限公司
"二环路东二段,沙河绿带,建设南三路,万科金域蓝湾小区规划红线范围内",成华区,成都申宗盛建筑工程有限公司
"二环路东二段,沙河绿带,建设南三路,万科金域蓝湾小区规划红线范围内",成华区,成都市跃华房屋经营开发有限公司
"罗兰小镇,二仙桥北路,中环二仙桥东路,东圣民居",成华区,成都力汇诚投资有限公司
"罗兰小镇,二仙桥北路,中环二仙桥东路,东圣民居",成华区,四川为民房屋拆迁有限公司
"罗兰小镇,二仙桥北路,中环二仙桥东路,东圣民居",成华区,四川诺亚舟房屋拆迁有限公司
"罗兰小镇,二仙桥北路,中环二仙桥东路,东圣民居",成华区,四川天佑福成房屋拆迁有限公司
"罗兰小镇,二仙桥北路,中环二仙桥东路,东圣民居",成华区,成都成华棚户区惠民改造建设有限责任公司
"已拆迁空地,簇桥上街,已拆迁空地,已拆迁空地",武侯区,成都市武侯区蜀馨房屋拆迁有限公司
"成都市成华区建设北路三段96号，属于跳蹬河街道办事处辖区规划红线范围内,,,",成华区,成都市兴市政房屋拆迁有限公司
"成都市成华区建设北路三段96号，属于跳蹬河街道办事处辖区规划红线范围内,,,",成华区,成都成华旧城改造投资有限责任公司
"新津县花桥镇,新津县新平镇,地铁10号沿线,地铁10号线沿线",新津县,成都城建置业有限责任公司
"新津县五津南路片区,,,",新津县,成都市兴市政房屋拆迁有限公司
"枣子巷11号,枣子巷13号停车场,枣子巷13号过道,西安中路60号",金牛区,成都精策投资有限公司
"八一路,金牛大道,茶店子绿化空地,武警黄金三总队",金牛区,四川元昌投资管理有限公司
"汇融云庭,东盛民居,省物流公司,二仙桥北二路",成华区,成都弘仁建设投资有限公司
"汇融云庭,东盛民居,省物流公司,二仙桥北二路",成华区,成都易欣房屋拆迁有限公司
"汇融云庭,东盛民居,省物流公司,二仙桥北二路",成华区,成都成华棚户区惠民改造建设有限责任公司
"新津县红石社区,,,",新津县,成都城建置业有限责任公司
"赛云台西二路,五福桥路,玉赛路,商贸大道一段",成华区,成都精策投资有限公司
"赛云台西二路,五福桥路,玉赛路,商贸大道一段",成华区,成都市鑫地建设投资有限责任公司
"东临地质花园，西临锦都馨苑小区，南临文德路，北至中环路八里庄路段,,,",成华区,成都邦泰房屋拆迁有限公司
"东临地质花园，西临锦都馨苑小区，南临文德路，北至中环路八里庄路段,,,",成华区,成都易欣房屋拆迁有限公司
"东临地质花园，西临锦都馨苑小区，南临文德路，北至中环路八里庄路段,,,",成华区,成都卓众拆迁服务有限公司
"东临地质花园，西临锦都馨苑小区，南临文德路，北至中环路八里庄路段,,,",成华区,成都成华棚户区惠民改造建设有限责任公司
"已整空地,华天阳光,东升苑,槐树店路规划红线范围内",成华区,成都长衡置业有限公司
"已整空地,华天阳光,东升苑,槐树店路规划红线范围内",成华区,成都南森房屋拆迁有限公司
"已整空地,华天阳光,东升苑,槐树店路规划红线范围内",成华区,成都市兴市政房屋拆迁有限公司
"已整空地,华天阳光,东升苑,槐树店路规划红线范围内",成华区,成都成华棚户区惠民改造建设有限责任公司
"土龙路以西，双温路以东，银桥街两侧范围（项目规划范围内）,,,",双流区,双流兴城置业有限公司
"土龙路以西，双温路以东，银桥街两侧范围（项目规划范围内）,,,",双流区,成都凯翔房屋拆迁有限公司
"天仙桥北路。,东顺城南街。,流星花园。,总府花园。",锦江区,成都市锦江区危旧房改造中心
"五块石新社区5组空地,赛云台北支路,泰丰花园小区,教师宿舍活动用房",成华区,四川元昌投资管理有限公司
"五块石新社区5组空地,赛云台北支路,泰丰花园小区,教师宿舍活动用房",成华区,成都市金牛区人民政府五块石街道办事处
"驷马桥果品市场,平安村集体土地,川报纸库,驷马桥路",成华区,成都市唯益投资有限公司
"驷马桥果品市场,平安村集体土地,川报纸库,驷马桥路",成华区,成都成华棚户区惠民改造建设有限责任公司
"西、北向临府河，东临科创路，南临蓝光凯丽香江,,,",锦江区,成都市锦江区危旧房改造中心
"西、北向临府河，东临科创路，南临蓝光凯丽香江,,,",锦江区,成都金利房屋拆迁服务有限公司
"东至：公平街办红桥村六组沥青路    西至：公平街办红桥村六组空地                               南至：公平街办红桥村村民委员会    北至：公平街办红桥村六组空地,,,",温江区,成都市温江区房产管理局
"东起龙门街口，西至电力公宿舍（未含），北至金带街，南至规划自建房,,,",崇州市,崇州市蜀城房屋拆迁有限公司
"崇庆中路,仁和巷,团结里,团结里",锦江区,崇州市豪威房屋拆迁有限公司
"崇庆中路,仁和巷,团结里,团结里",锦江区,崇州市蜀城房屋拆迁有限公司
"崇庆中路,团结里,团结里,原蚕茧站",锦江区,崇州市豪威房屋拆迁有限公司
"崇庆中路,团结里,团结里,原蚕茧站",锦江区,崇州市蜀城房屋拆迁有限公司
"团结里,小东街,武警横街,外江管理处",锦江区,崇州市蜀城房屋拆迁有限公司
"团结里,小东街,武警横街,外江管理处",锦江区,成都市鑫城锦地房屋拆迁有限公司
"小东街背面,孔子广场,文庙街,公园后门",锦江区,崇州市蜀城房屋拆迁有限公司
"小东街背面,孔子广场,文庙街,公园后门",锦江区,四川敞居屋房屋拆迁有限公司
"行知中学,小东街,行知中学大门,武警横街",锦江区,崇州市蜀城房屋拆迁有限公司
"行知中学,小东街,行知中学大门,武警横街",锦江区,四川敞居屋房屋拆迁有限公司
"北临规划道路，南临永安西路、东至杨柳街、西至鼎力汽车修理厂一侧住宅区域,,,",崇州市,崇州市蜀城房屋拆迁有限公司
"槐树店路37号五冶宿舍区,建材路,大头河,槐树店路规划红线范围内",成华区,成都兴力置业有限公司
"槐树店路37号五冶宿舍区,建材路,大头河,槐树店路规划红线范围内",成华区,四川梓鑫置业有限公司
"槐树店路37号五冶宿舍区,建材路,大头河,槐树店路规划红线范围内",成华区,成都易欣房屋拆迁有限公司
"槐树店路37号五冶宿舍区,建材路,大头河,槐树店路规划红线范围内",成华区,成都卓众拆迁服务有限公司
"槐树店路37号五冶宿舍区,建材路,大头河,槐树店路规划红线范围内",成华区,四川诺亚舟房屋拆迁有限公司
"槐树店路37号五冶宿舍区,建材路,大头河,槐树店路规划红线范围内",成华区,成都嘉义房屋拆迁有限责任公司
"槐树店路37号五冶宿舍区,建材路,大头河,槐树店路规划红线范围内",成华区,四川天佑福成房屋拆迁有限公司
"槐树店路37号五冶宿舍区,建材路,大头河,槐树店路规划红线范围内",成华区,成都市鑫城锦地房屋拆迁有限公司
"槐树店路37号五冶宿舍区,建材路,大头河,槐树店路规划红线范围内",成华区,成都成华棚户区惠民改造建设有限责任公司
"东至站北东横街，南至火车北站，西至休闲商业街，北至规划道路,,,",成华区,四川梓鑫置业有限公司
"东至站北东横街，南至火车北站，西至休闲商业街，北至规划道路,,,",成华区,成都长阳拆迁服务有限公司
"东至站北东横街，南至火车北站，西至休闲商业街，北至规划道路,,,",成华区,成都成华棚户区惠民改造建设有限责任公司
"大东街,黄坝大桥,土地坡,南河",邛崃市,邛崃市住房保障中心
"防疫站宿舍,猛追湾街,五冶宿舍,新鸿路",成华区,成都成华棚户区惠民改造建设有限责任公司
"电子十一院电力分院,猛追湾街,双林路,电信宿舍",成华区,成都市唯益投资有限公司
"电子十一院电力分院,猛追湾街,双林路,电信宿舍",成华区,成都弘仁建设投资有限公司
"电子十一院电力分院,猛追湾街,双林路,电信宿舍",成华区,成都易欣房屋拆迁有限公司
"电子十一院电力分院,猛追湾街,双林路,电信宿舍",成华区,成都为益民房屋拆迁有限公司
"电子十一院电力分院,猛追湾街,双林路,电信宿舍",成华区,四川诺亚舟房屋拆迁有限公司
"电子十一院电力分院,猛追湾街,双林路,电信宿舍",成华区,成都市鑫城锦地房屋拆迁有限公司
"电子十一院电力分院,猛追湾街,双林路,电信宿舍",成华区,成都成华棚户区惠民改造建设有限责任公司
"五桂桥北路,双成五路,工地小区,云祥公寓",成华区,成都经开实业有限公司
"五桂桥北路,双成五路,工地小区,云祥公寓",成华区,成都力汇诚投资有限公司
"五桂桥北路,双成五路,工地小区,云祥公寓",成华区,成都众志房屋拆迁有限公司
"五桂桥北路,双成五路,工地小区,云祥公寓",成华区,四川永恒建筑劳务有限公司
"五桂桥北路,双成五路,工地小区,云祥公寓",成华区,四川鑫泉房屋拆迁有限公司
"五桂桥北路,双成五路,工地小区,云祥公寓",成华区,四川诺亚舟房屋拆迁有限公司
"五桂桥北路,双成五路,工地小区,云祥公寓",成华区,成都嘉义房屋拆迁有限责任公司
"五桂桥北路,双成五路,工地小区,云祥公寓",成华区,成都市民之建房屋拆迁有限公司
"五桂桥北路,双成五路,工地小区,云祥公寓",成华区,成都成华棚户区惠民改造建设有限责任公司
"北至双林北横路129号用地边界，东至万年场横街，南至双林北横路127号用地边界，西至水利设计院家属区用地边界。,,,",成华区,成都金利房屋拆迁服务有限公司
"北至双林北横路129号用地边界，东至万年场横街，南至双林北横路127号用地边界，西至水利设计院家属区用地边界。,,,",成华区,成都成华旧城改造投资有限责任公司
"新津县迎宾大道136号,,,",新津县,成都城建置业有限责任公司
"中和后街66-82号、熊家桥路2-44号、中和上街130-138号、中和中街2-4号,,,",高新区,成都易迁公关服务有限公司
"迎宾广场片区,,,",新津县,成都城建置业有限责任公司
"人南医疗综合诊所,玉林街9号,倪家桥路,成都有机硅中心宿舍",武侯区,成都市建西投资管理有限公司
"人南医疗综合诊所,玉林街9号,倪家桥路,成都有机硅中心宿舍",武侯区,成都市武侯区危旧房改造中心
"原512建材市场,现状中石油加油站,二环路北四段,416宿舍",成华区,成都经开实业有限公司
"原512建材市场,现状中石油加油站,二环路北四段,416宿舍",成华区,成都嘉义房屋拆迁有限责任公司
"原512建材市场,现状中石油加油站,二环路北四段,416宿舍",成华区,成都成华棚户区惠民改造建设有限责任公司
"东邻锦华路，南邻市土地储备中心空地，西邻原川专厂厂区，北邻百亨酒店,,,",锦江区,成都市锦江区危旧房改造中心
"南阳锦城,府河路一段,尚善雅舍,正东中街",天府新区,成都天府新区华阳街道办事处
"新东方校区,猛追湾街,69信箱生活区新建宿舍区,猛追湾横街规划红线范围内",成华区,成都南森房屋拆迁有限公司
"新东方校区,猛追湾街,69信箱生活区新建宿舍区,猛追湾横街规划红线范围内",成华区,成都心新物业管理有限公司
"新东方校区,猛追湾街,69信箱生活区新建宿舍区,猛追湾横街规划红线范围内",成华区,成都易欣房屋拆迁有限公司
"新东方校区,猛追湾街,69信箱生活区新建宿舍区,猛追湾横街规划红线范围内",成华区,四川诺亚舟房屋拆迁有限公司
"新东方校区,猛追湾街,69信箱生活区新建宿舍区,猛追湾横街规划红线范围内",成华区,成都成华棚户区惠民改造建设有限责任公司
"一环路,猛追湾街,猛追湾横街,建设北路规划红线范围内",成华区,四川梓鑫置业有限公司
"一环路,猛追湾街,猛追湾横街,建设北路规划红线范围内",成华区,成都市唯益投资有限公司
"一环路,猛追湾街,猛追湾横街,建设北路规划红线范围内",成华区,成都阳广达置业有限公司
"一环路,猛追湾街,猛追湾横街,建设北路规划红线范围内",成华区,成都长阳拆迁服务有限公司
"一环路,猛追湾街,猛追湾横街,建设北路规划红线范围内",成华区,成都城建置业有限责任公司
"一环路,猛追湾街,猛追湾横街,建设北路规划红线范围内",成华区,成都弘仁建设投资有限公司
"一环路,猛追湾街,猛追湾横街,建设北路规划红线范围内",成华区,成都卓众拆迁服务有限公司
"一环路,猛追湾街,猛追湾横街,建设北路规划红线范围内",成华区,成都为益民房屋拆迁有限公司
"一环路,猛追湾街,猛追湾横街,建设北路规划红线范围内",成华区,四川天佑福成房屋拆迁有限公司
"一环路,猛追湾街,猛追湾横街,建设北路规划红线范围内",成华区,成都市鑫城锦地房屋拆迁有限公司
"一环路,猛追湾街,猛追湾横街,建设北路规划红线范围内",成华区,成都成华棚户区惠民改造建设有限责任公司
"齐心苑,电信宿舍,五冶宿舍,新鸿路",成华区,成都成华棚户区惠民改造建设有限责任公司
"依政路,西郊路,瑞云街,啤酒厂南侧围墙",邛崃市,邛崃市住房保障中心
"依政路,河滨路,火电厂宿舍,瑞云街",邛崃市,邛崃市住房保障中心
"机关幼儿园西侧围墙,西环路,司法局宿舍和教育局宿舍北侧围墙,西街",邛崃市,邛崃市住房保障中心
"汽运司,果品市场,煤建公司,燃料公司",成华区,成都城建置业有限责任公司
"汽运司,果品市场,煤建公司,燃料公司",成华区,成都心新物业管理有限公司
"汽运司,果品市场,煤建公司,燃料公司",成华区,成都成华棚户区惠民改造建设有限责任公司
"一环路西三段169号至207号、抚琴街南一巷13号附11号、抚琴街南一巷11号1幢附1号、抚琴街南一巷13号附9号,小区道路,抚琴北二巷,抚琴街",成华区,四川蓉业房屋拆迁有限公司
"东至建材路，南至工投已整理土地，西至工投已整理土地，北至槐树店路,,,",成华区,成都成华棚户区惠民改造建设有限责任公司
"成华区二仙桥东路南侧规划红线范围内,,,",成华区,成都祥鹤房屋拆迁有限公司
"成华区二仙桥东路南侧规划红线范围内,,,",成华区,成都成华旧城改造投资有限责任公司
"祥和苑,武阳南路,东顺河街,外东街",新津县,成都金利房屋拆迁服务有限公司
"公济桥路147-203号、新民路1-27号,,,",高新区,成都易迁公关服务有限公司
"主要包括化工北路以东邮电巷区域,,,",青白江区,四川天丰置业有限公司
"新川创新科技园V支3线、VI支C线北段、X支5线、X支B线道路及附属工程项目规划用地红线范围内,,,",高新区,成都鑫宇房屋拆迁有限公司
"成都市成华区圣灯路31号,成都市成华区圣灯路31号,成都市成华区圣灯路31号,成都市成华区圣灯路31号",高新区,成都鑫宇房屋拆迁有限公司
"成都市成华区圣灯路31号,成都市成华区圣灯路31号,成都市成华区圣灯路31号,成都市成华区圣灯路31号",高新区,成都市跃华房屋经营开发有限公司
"农发局片区位于龙泉街道音乐广场西侧，东至广场路；交通局片区位于音乐广场南侧，欧鹏大道西侧,驿生西路,驿生南路,驿都东路",龙泉驿区,成都经济技术开发区建设发展有限公司
"瑞通路,瑞园路,太康东路,迎宾大道",新津县,成都城建置业有限责任公司
"新津县城北社区,,,",新津县,成都城建置业有限责任公司
"基督教堂上翔堂和广电大厦,东华门街,东华正街,青羊区拟搬迁地块",锦江区,成都市锦江区危旧房改造中心
"蓝风宿舍,,,",青白江区,四川天丰置业有限公司
"攀成钢八千小区,,,",青白江区,成都弘仁建设投资有限公司
"主要包括青江南路以东、青江东路以南、化工北（南）路以西、团结东路以北区域，及青江南路西侧、化工北（南）路东侧紧邻道路的零星区域,,,",青白江区,四川天丰置业有限公司
"主要包括团结北路以东、青江西路以南、青江南路以西、团结中路以北区域（不含攀成钢八千小区、蓝风宿舍、青江南路西侧紧邻道路区域），以及团结北路西侧紧邻道路的部分区域,,,",青白江区,成都弘仁建设投资有限公司
"电厂宿舍,武阳东路,电厂沟,五津东路",新津县,成都城建置业有限责任公司
"东至四川水利技术职业学院，南至鲤鱼沱水厂，西至康复路上街，北至复兴路,,,",新津县,都江堰市危旧房改造中心
"主要包括青江西路以南，团结北路以西，团结西路以北的部分区域，以及团结西路以南紧邻道路的部分区域,,,",青白江区,成都弘仁建设投资有限公司
"成都市成华区建设北路三段72号,成都市成华区建设北路三段72号,成都市成华区建设北路三段72号,成都市成华区建设北路三段72号",青白江区,成都鑫宇房屋拆迁有限公司
"成都市成华区建设北路三段72号,成都市成华区建设北路三段72号,成都市成华区建设北路三段72号,成都市成华区建设北路三段72号",青白江区,成都市跃华房屋经营开发有限公司
"已拆空地,一心桥南街,东四街,锦东路",锦江区,成都市锦江区危旧房改造中心
"领域楼盘,国槐街,东锦置业公司地块,上沙河铺街",锦江区,成都市锦江区房屋管理服务中心
"领域楼盘,国槐街,东锦置业公司地块,上沙河铺街",锦江区,四川天佑福成房屋拆迁有限公司
"崔家店路,新成华大道,规划道路,成都理工大学五交路口",成华区,成都市兴市政房屋拆迁有限公司
"崔家店路,新成华大道,规划道路,成都理工大学五交路口",成华区,成都成华旧城改造投资有限责任公司
"主要包括化工北路、化工南路两侧的部分区域及青江南路东侧紧邻道路的零星区域,,,",青白江区,四川天丰置业有限公司
"东至普天电缆厂南至普天电缆厂西至神仙树北路北至商贸中心,,,",高新区,成都凯翔房屋拆迁有限公司
"东至多乐惠市场南至紫薇东路西至神仙树南路北至多乐惠市场,,,",高新区,成都力汇诚投资有限公司
"康复路,康复路都管局苗圃,康复路下街,康复路",高新区,都江堰城乡房产管理局
"东至天乙街,西至康复路上街,南至市政府家属区,北至农商银行",都江堰市,都江堰市危旧房改造中心
"一环路西二段,摸底河,省医院现状建筑,北临温哥华广场",青羊区,成都市青羊区房管局
"一环路西二段,摸底河,省医院现状建筑,北临温哥华广场",青羊区,成都市鑫城锦地房屋拆迁有限公司
"龙泉驿区洪安镇化工大道两侧危化品园区周围500m范围内,,,",龙泉驿区,成都经开实业有限公司
"龙泉驿区洪安镇化工大道两侧危化品园区周围500m范围内,,,",龙泉驿区,成都经济技术开发区建设发展有限公司
"空地,滨江路,皮革厂宿舍,啤酒厂",邛崃市,邛崃市住房保障中心
"东至普天电缆厂南至神仙树农贸市场西至神仙树北路北至普康医院,,,",高新区,成都凯翔房屋拆迁有限公司
"庆宪街80号,通锦桥路109号,庆宪街88号,饮马河",青羊区,成都市青羊区统一建设办公室
"东至大邑大道，南至惠昌花园小区，西至凯蒂凯旋城小区，北至温泉大道,,,",大邑县,大邑县房产管理局
"黄鹤楼,银仙桥,石头河,黄鹤大道右侧",新津县,成都长衡置业有限公司
"一环路西三段108号附1-6号、一环路西三段144号、一环路西三段3号附1-15号,,,",高新区,成都金开房屋经营管理有限公司
"二仙桥东路14号,,,",高新区,四川景瑞建筑工程有限公司
"二仙桥东路14号,,,",高新区,成都市跃华房屋经营开发有限公司
"都江村,都江村,都江村,都江村",都江堰市,都江堰城乡房产管理局
"沙黑河,都江村,西区水厂,磨儿滩水库",都江堰市,都江堰城乡房产管理局
"高新区新川创新科技园国有土地上规划红线范围内房屋,高新区新川创新科技园国有土地上规划红线范围内房屋,高新区新川创新科技园国有土地上规划红线范围内房屋,高新区新川创新科技园国有土地上规划红线范围内房屋",高新区,成都鑫宇房屋拆迁有限公司
"高新区新川创新科技园国有土地上规划红线范围内房屋,高新区新川创新科技园国有土地上规划红线范围内房屋,高新区新川创新科技园国有土地上规划红线范围内房屋,高新区新川创新科技园国有土地上规划红线范围内房屋",高新区,成都鑫宇房屋拆迁有限公司
"高新区新川创新科技园国有土地上规划红线范围内房屋,高新区新川创新科技园国有土地上规划红线范围内房屋,高新区新川创新科技园国有土地上规划红线范围内房屋,高新区新川创新科技园国有土地上规划红线范围内房屋",高新区,成都鑫宇房屋拆迁有限公司
"高新区新川创新科技园国有土地上规划红线范围内房屋,高新区新川创新科技园国有土地上规划红线范围内房屋,高新区新川创新科技园国有土地上规划红线范围内房屋,高新区新川创新科技园国有土地上规划红线范围内房屋",高新区,成都鑫宇房屋拆迁有限公司
"高新区新川创新科技园国有土地上规划红线范围内房屋,高新区新川创新科技园国有土地上规划红线范围内房屋,高新区新川创新科技园国有土地上规划红线范围内房屋,高新区新川创新科技园国有土地上规划红线范围内房屋",高新区,成都鑫宇房屋拆迁有限公司
"高新区新川创新科技园国有土地上规划红线范围内房屋,高新区新川创新科技园国有土地上规划红线范围内房屋,高新区新川创新科技园国有土地上规划红线范围内房屋,高新区新川创新科技园国有土地上规划红线范围内房屋",高新区,成都鑫宇房屋拆迁有限公司
"川金府机电城,三环路内侧,金牛大道北侧,川金府机电城",高新区,成都金利房屋拆迁服务有限公司
"川金府机电城,三环路内侧,金牛大道北侧,川金府机电城",高新区,成都市金牛区人民政府西华街道办事处
"三环路外侧绿化带,跃进村居住区中心分界道路,金牛大道,金桥学校交界",高新区,成都阳广达置业有限公司
"三环路外侧绿化带,跃进村居住区中心分界道路,金牛大道,金桥学校交界",高新区,成都市金牛区人民政府西华街道办事处
"康复路党校区域、天乙街华峰大厦、天乙街成勘院至团结巷部分区域,,,",高新区,都江堰市危旧房改造中心
"金芙蓉大道,规划路,金泉路,盛达街东",高新区,成都精策投资有限公司
"金芙蓉大道,规划路,金泉路,盛达街东",高新区,成都市鑫地建设投资有限责任公司
"火车北站扩能改造地方配套项目商贸大道二环路以南附条件协议搬迁项目红线范围内,,,",高新区,成都精策投资有限公司
"火车北站扩能改造地方配套项目商贸大道二环路以南附条件协议搬迁项目红线范围内,,,",高新区,成都市鑫地建设投资有限责任公司
"东临比华利国际城，南临华润凯旋天地，西临菱窠路，北临嘉和园用地边界,,,",高新区,四川中化锦城置业有限公司
"东临比华利国际城，南临华润凯旋天地，西临菱窠路，北临嘉和园用地边界,,,",高新区,四川天佑福成房屋拆迁有限公司
"庆宪街80号,通锦桥路109号,庆宪街88号,饮马河",青羊区,成都市青羊区统一建设办公室
"天乙街,康复路上街,康复路,公园路",青羊区,都江堰市危旧房改造中心
"东安南路,红星路二段,大慈寺路,如是庵街、福字街、望福街",锦江区,成都祥鹤房屋拆迁有限公司
"东安南路,红星路二段,大慈寺路,如是庵街、福字街、望福街",锦江区,成都金利房屋拆迁服务有限公司
"东安南路,红星路二段,大慈寺路,如是庵街、福字街、望福街",锦江区,成都市兴市政房屋拆迁有限公司
"互助路,顺沙巷,一环路北三段,先锋巷",金牛区,成都市金牛区人民政府荷花池街道办事处
"临江路7号道路,成昆线铁路,新建双流车站,昆华路南段",高新区,成都众志房屋拆迁有限公司
